ID_no,Social_Media_User,Facebook,Twitter,Instagram,YouTube,TikTok,Discord,Reddit,Pinterest,Snapchat
1,Yes,Yes,Yes,Yes,Yes,No,Yes,Yes,No,No
2,Yes,Yes,Yes,Yes,Yes,No,Yes,Yes,No,No
3,Yes,Yes,No,Yes,Yes,No,No,No,Yes,No
4,Yes,Yes,No,Yes,No,No,No,No,No,No
5,Yes,Yes,No,Yes,Yes,No,No,No,No,No
6,Yes,Yes,Yes,Yes,Yes,Yes,Yes,No,Yes,No
7,Yes,Yes,No,Yes,Yes,Yes,No,No,No,Yes
8,Yes,Yes,No,Yes,Yes,No,No,No,No,No
9,Yes,Yes,No,Yes,Yes,No,No,No,No,No
10,No,No,No,No,No,No,No,No,Yes,No
11,Yes,Yes,No,Yes,Yes,No,Yes,No,No,No
12,Yes,Yes,No,Yes,Yes,Yes,No,Yes,Yes,Yes
13,Yes,Yes,Yes,Yes,Yes,No,Yes,Yes,Yes,Yes
14,Yes,Yes,Yes,Yes,Yes,No,No,Yes,Yes,Yes
15,Yes,Yes,No,No,Yes,No,No,No,Yes,No
16,Yes,Yes,No,Yes,Yes,No,No,Yes,No,No
17,Yes,Yes,No,No,Yes,No,Yes,No,No,No
18,Yes,Yes,No,Yes,Yes,No,No,Yes,No,No
19,Yes,Yes,No,No,Yes,No,Yes,Yes,No,No
20,Yes,Yes,Yes,Yes,Yes,No,No,No,No,No
21,Yes,Yes,No,Yes,Yes,No,Yes,Yes,No,No
22,Yes,Yes,Yes,Yes,Yes,Yes,Yes,Yes,No,No
23,Yes,Yes,No,Yes,Yes,No,Yes,No,Yes,No
24,Yes,Yes,No,Yes,Yes,No,No,No,Yes,Yes
25,Yes,Yes,Yes,No,Yes,No,Yes,Yes,No,No
26,Yes,Yes,No,No,Yes,No,No,No,No,No
27,Yes,Yes,No,Yes,Yes,No,Yes,Yes,No,No
28,Yes,Yes,Yes,No,Yes,No,No,No,No,No
29,Yes,Yes,No,Yes,Yes,Yes,Yes,Yes,Yes,Yes
30,Yes,Yes,No,Yes,Yes,No,Yes,Yes,No,Yes
31,Yes,Yes,No,Yes,Yes,No,Yes,Yes,No,No
32,Yes,Yes,No,No,Yes,No,No,No,Yes,No
33,Yes,Yes,No,Yes,Yes,Yes,No,No,No,No
34,Yes,Yes,No,Yes,Yes,No,Yes,Yes,Yes,No
35,Yes,Yes,No,Yes,Yes,No,Yes,Yes,No,No
37,Yes,Yes,No,Yes,No,No,No,No,No,No
38,Yes,Yes,Yes,Yes,Yes,No,No,Yes,No,Yes
39,Yes,Yes,No,Yes,Yes,No,No,No,Yes,Yes
40,Yes,Yes,No,No,Yes,No,Yes,Yes,No,No
41,Yes,Yes,No,Yes,Yes,No,No,No,No,Yes
42,Yes,Yes,No,Yes,Yes,No,No,No,No,Yes
43,Yes,No,No,No,Yes,No,No,No,No,No
44,Yes,Yes,No,Yes,Yes,No,No,No,Yes,Yes
45,Yes,No,No,No,No,No,Yes,Yes,No,No
46,Yes,Yes,No,Yes,Yes,No,No,No,No,No
47,Yes,Yes,No,No,Yes,No,No,No,No,No
48,Yes,No,No,Yes,Yes,No,No,Yes,Yes,No
49,Yes,No,No,No,Yes,No,No,Yes,No,No
50,Yes,Yes,No,No,Yes,No,No,No,No,No
51,Yes,Yes,Yes,Yes,Yes,Yes,Yes,Yes,Yes,Yes
52,Yes,No,No,No,Yes,No,Yes,No,No,Yes
53,Yes,Yes,No,No,No,No,No,No,No,No
54,Yes,No,No,No,No,No,Yes,Yes,No,No
55,No,No,No,No,Yes,No,Yes,Yes,No,No
56,Yes,Yes,Yes,Yes,Yes,Yes,No,Yes,No,Yes
57,Yes,Yes,No,Yes,Yes,No,Yes,Yes,No,No
58,Yes,Yes,No,Yes,Yes,No,Yes,No,No,No
59,Yes,Yes,Yes,Yes,Yes,Yes,Yes,Yes,No,No
60,Yes,No,No,Yes,No,No,No,Yes,No,No
61,Yes,Yes,Yes,Yes,Yes,No,Yes,No,No,No
62,Yes,No,No,No,Yes,No,No,Yes,No,No
63,Yes,Yes,No,Yes,Yes,No,No,No,Yes,No
64,Yes,No,No,No,No,No,No,Yes,No,No
65,Yes,No,No,No,No,No,Yes,Yes,No,No
66,Yes,No,No,No,Yes,No,Yes,Yes,No,No
67,Yes,Yes,No,Yes,No,Yes,No,No,No,No
69,Yes,No,No,No,No,No,No,Yes,No,No
70,Yes,No,No,No,Yes,No,Yes,Yes,No,Yes
71,Yes,No,No,Yes,Yes,No,No,No,No,No
72,Yes,No,No,Yes,Yes,No,Yes,Yes,No,No
73,Yes,No,Yes,Yes,Yes,Yes,No,No,Yes,No
74,Yes,No,Yes,No,Yes,No,Yes,No,No,Yes
75,Yes,Yes,No,No,Yes,No,Yes,Yes,No,No
76,Yes,No,No,No,No,No,No,Yes,No,No
77,Yes,Yes,No,No,Yes,No,No,Yes,No,No
78,Yes,Yes,Yes,Yes,Yes,Yes,Yes,No,No,Yes
79,Yes,Yes,No,No,Yes,No,No,Yes,No,No
80,Yes,Yes,No,No,Yes,No,Yes,Yes,No,No
81,Yes,No,No,Yes,Yes,No,Yes,Yes,No,Yes
82,Yes,Yes,No,Yes,Yes,No,Yes,Yes,Yes,Yes
83,Yes,No,No,Yes,Yes,No,Yes,Yes,No,Yes
84,Yes,Yes,No,Yes,Yes,No,No,No,Yes,No
85,Yes,Yes,Yes,Yes,Yes,No,No,Yes,No,No
87,Yes,Yes,No,No,Yes,No,No,No,No,No
88,Yes,No,No,No,No,No,No,Yes,No,No
89,Yes,Yes,No,No,Yes,No,No,No,No,No
90,Yes,Yes,No,Yes,Yes,No,No,No,Yes,Yes
91,Yes,Yes,No,Yes,Yes,No,No,No,No,No
92,Yes,Yes,No,No,Yes,No,No,No,No,No
93,Yes,Yes,Yes,Yes,Yes,No,No,No,No,Yes
95,Yes,No,No,Yes,No,No,No,No,No,No
96,Yes,Yes,No,Yes,Yes,No,No,No,No,Yes
97,Yes,No,No,No,Yes,No,Yes,No,No,No
98,Yes,No,No,No,Yes,No,No,Yes,No,No
99,Yes,Yes,No,Yes,Yes,No,No,No,Yes,No
100,Yes,Yes,No,Yes,Yes,Yes,Yes,No,No,Yes
101,Yes,Yes,Yes,Yes,Yes,No,No,No,No,No
102,Yes,Yes,Yes,Yes,Yes,No,Yes,Yes,Yes,Yes
103,Yes,No,No,Yes,No,No,No,No,No,No
104,Yes,Yes,Yes,Yes,Yes,No,No,No,Yes,Yes
105,Yes,Yes,No,Yes,Yes,No,No,No,Yes,Yes
106,Yes,Yes,No,No,Yes,No,No,No,No,No
107,Yes,Yes,No,Yes,No,Yes,No,No,No,No
108,Yes,Yes,No,No,Yes,No,No,No,No,No
109,Yes,Yes,No,Yes,Yes,No,No,No,No,Yes
110,Yes,Yes,No,Yes,Yes,No,No,No,Yes,No
111,Yes,Yes,No,Yes,Yes,No,No,No,No,No
112,Yes,Yes,No,Yes,Yes,No,No,No,Yes,No
113,Yes,Yes,No,No,Yes,No,No,No,No,No
114,Yes,Yes,No,Yes,No,No,No,No,No,Yes
115,Yes,Yes,No,Yes,Yes,No,No,No,No,No
116,Yes,Yes,No,No,No,No,No,No,No,No
117,Yes,Yes,No,Yes,No,No,No,No,No,No
118,Yes,Yes,No,No,No,No,No,No,No,No
119,Yes,Yes,No,Yes,Yes,Yes,Yes,No,No,Yes
120,Yes,Yes,No,Yes,Yes,No,No,No,No,No
121,Yes,Yes,No,Yes,No,No,No,No,No,No
122,Yes,Yes,No,Yes,Yes,Yes,No,No,No,No
123,Yes,Yes,No,No,Yes,No,No,No,Yes,Yes
124,Yes,Yes,No,Yes,Yes,No,No,No,No,No
125,Yes,No,No,No,No,No,No,No,No,No
126,Yes,Yes,No,Yes,Yes,No,No,No,No,Yes
127,Yes,Yes,Yes,Yes,Yes,No,Yes,No,No,Yes
128,Yes,Yes,No,Yes,Yes,Yes,No,No,Yes,Yes
129,Yes,Yes,No,Yes,Yes,No,No,No,No,No
130,Yes,No,No,No,Yes,No,No,No,Yes,Yes
131,Yes,Yes,No,Yes,Yes,No,Yes,No,Yes,No
132,Yes,Yes,No,No,Yes,No,No,No,No,No
133,Yes,Yes,Yes,Yes,Yes,No,No,No,No,No
134,Yes,Yes,No,No,No,No,No,No,No,No
135,No,No,No,No,Yes,No,No,No,No,No
136,Yes,Yes,Yes,Yes,Yes,No,No,No,Yes,No
137,Yes,Yes,No,No,Yes,No,No,No,Yes,No
138,Yes,Yes,Yes,Yes,Yes,No,No,No,Yes,No
139,Yes,Yes,Yes,Yes,Yes,No,No,No,Yes,Yes
140,Yes,Yes,Yes,Yes,Yes,No,No,No,No,No
141,Yes,Yes,Yes,Yes,Yes,No,No,No,Yes,No
142,Yes,Yes,No,Yes,Yes,No,No,No,No,No
143,Yes,Yes,Yes,Yes,Yes,No,No,No,No,No
144,Yes,Yes,Yes,Yes,Yes,No,No,No,No,Yes
145,Yes,Yes,No,Yes,Yes,No,Yes,No,No,Yes
146,Yes,Yes,No,No,No,No,No,No,No,No
147,Yes,Yes,Yes,Yes,Yes,No,Yes,No,Yes,Yes
148,Yes,Yes,Yes,Yes,Yes,No,No,No,No,No
149,Yes,Yes,No,Yes,Yes,No,No,No,No,No
150,Yes,Yes,No,No,Yes,No,No,No,No,No
151,Yes,Yes,No,No,Yes,No,Yes,No,No,No
152,Yes,Yes,No,Yes,Yes,No,Yes,No,Yes,No
153,Yes,No,No,Yes,Yes,No,No,No,No,No
154,Yes,Yes,Yes,No,Yes,No,No,No,No,No
155,Yes,Yes,Yes,Yes,Yes,No,No,No,No,No
156,Yes,Yes,No,Yes,Yes,No,No,No,Yes,No
157,Yes,No,Yes,No,No,No,No,No,No,No
158,Yes,No,No,No,Yes,No,No,No,No,No
159,Yes,Yes,No,Yes,Yes,No,No,No,No,No
160,Yes,Yes,No,No,No,No,No,No,No,No
161,Yes,Yes,No,Yes,Yes,No,No,No,No,No
162,Yes,Yes,Yes,Yes,Yes,Yes,No,Yes,Yes,Yes
163,Yes,Yes,No,Yes,Yes,Yes,No,No,Yes,No
164,Yes,No,No,No,Yes,No,No,No,No,No
165,Yes,No,No,Yes,Yes,Yes,No,Yes,No,No
166,Yes,Yes,Yes,No,No,No,No,No,No,No
167,Yes,Yes,No,No,Yes,No,No,No,No,No
168,Yes,Yes,Yes,Yes,Yes,No,No,No,Yes,No
169,Yes,No,No,No,Yes,No,No,No,No,No
170,Yes,Yes,Yes,Yes,Yes,No,Yes,No,No,Yes
171,Yes,No,No,Yes,Yes,Yes,Yes,Yes,No,Yes
172,Yes,Yes,No,No,Yes,No,No,No,No,No
173,Yes,Yes,No,Yes,Yes,No,No,No,No,No
174,Yes,Yes,No,Yes,Yes,No,No,No,No,Yes
175,Yes,No,No,No,Yes,No,No,No,Yes,No
176,Yes,No,Yes,Yes,Yes,Yes,No,Yes,No,No
177,Yes,Yes,No,No,Yes,No,No,No,No,No
178,Yes,No,No,No,No,No,No,No,No,No
179,Yes,Yes,Yes,Yes,Yes,No,No,No,Yes,Yes
180,Yes,Yes,No,Yes,Yes,No,No,No,Yes,No
181,Yes,Yes,No,No,Yes,No,No,No,No,No
182,Yes,Yes,Yes,Yes,Yes,No,No,No,No,No
183,Yes,Yes,No,No,Yes,Yes,No,No,No,No
184,Yes,Yes,Yes,Yes,Yes,Yes,No,Yes,Yes,No
185,Yes,Yes,Yes,Yes,Yes,Yes,Yes,No,Yes,Yes
186,Yes,Yes,No,No,Yes,No,No,No,No,No
187,Yes,No,No,No,Yes,No,No,No,No,No
188,Yes,Yes,Yes,Yes,Yes,No,No,No,Yes,No
189,Yes,Yes,No,Yes,No,No,No,No,Yes,No
190,Yes,No,No,No,No,No,No,No,No,No
191,Yes,Yes,No,No,Yes,No,Yes,No,Yes,No
192,Yes,Yes,No,Yes,Yes,Yes,Yes,No,Yes,Yes
193,Yes,Yes,No,Yes,Yes,No,No,No,No,Yes
194,Yes,Yes,No,Yes,Yes,No,No,No,No,No
195,Yes,Yes,No,Yes,Yes,Yes,Yes,No,No,Yes
196,Yes,Yes,No,Yes,Yes,No,Yes,No,Yes,No
197,Yes,Yes,No,No,No,No,No,No,No,No
198,Yes,Yes,Yes,No,Yes,No,Yes,Yes,No,No
199,Yes,Yes,No,Yes,Yes,No,No,No,No,No
200,Yes,Yes,No,No,Yes,No,Yes,Yes,No,No
201,Yes,Yes,Yes,Yes,Yes,No,Yes,No,No,Yes
202,Yes,Yes,No,Yes,Yes,No,Yes,Yes,No,No
203,Yes,Yes,No,Yes,Yes,No,No,No,No,No
204,Yes,Yes,No,Yes,Yes,Yes,Yes,Yes,No,No
205,Yes,Yes,No,No,No,No,Yes,Yes,No,No
206,Yes,No,No,No,No,Yes,Yes,Yes,Yes,No
207,Yes,Yes,No,Yes,Yes,No,No,No,No,No
208,Yes,Yes,No,Yes,Yes,No,Yes,No,No,No
209,Yes,Yes,No,Yes,Yes,No,No,No,Yes,Yes
210,Yes,No,Yes,Yes,Yes,Yes,Yes,Yes,Yes,Yes
211,Yes,Yes,No,Yes,Yes,No,Yes,No,No,No
212,Yes,No,No,No,No,No,Yes,Yes,No,No
213,Yes,Yes,No,No,Yes,Yes,No,No,No,No
214,Yes,Yes,No,No,Yes,No,No,No,No,Yes
215,Yes,No,No,No,No,No,No,No,No,No
216,Yes,Yes,Yes,Yes,Yes,No,Yes,Yes,No,No
217,Yes,Yes,No,No,Yes,No,No,No,No,No
218,Yes,Yes,No,No,Yes,No,No,No,No,No
219,Yes,Yes,No,Yes,Yes,No,No,No,No,No
220,Yes,Yes,No,No,No,No,No,No,No,No
221,Yes,Yes,Yes,Yes,Yes,No,No,No,No,Yes
222,Yes,Yes,Yes,Yes,Yes,No,Yes,No,Yes,Yes
223,Yes,Yes,No,No,Yes,No,No,No,No,No
224,Yes,Yes,Yes,Yes,Yes,No,Yes,No,Yes,No
225,Yes,Yes,No,No,No,No,No,No,No,No
226,Yes,Yes,No,Yes,Yes,Yes,No,No,No,No
227,Yes,Yes,No,Yes,Yes,No,No,No,Yes,Yes
228,Yes,Yes,No,Yes,Yes,No,No,No,No,No
229,Yes,Yes,No,No,Yes,No,No,No,No,No
230,Yes,Yes,No,Yes,Yes,No,No,No,No,No
231,Yes,Yes,No,Yes,Yes,No,Yes,No,No,No
232,Yes,Yes,No,Yes,Yes,No,No,No,No,No
233,Yes,No,No,No,Yes,No,No,No,No,No
234,Yes,Yes,No,No,Yes,No,Yes,No,Yes,No
235,Yes,Yes,Yes,Yes,Yes,Yes,Yes,Yes,No,No
236,Yes,No,No,No,Yes,Yes,Yes,Yes,No,No
237,Yes,Yes,No,Yes,Yes,No,No,No,Yes,No
238,Yes,Yes,No,Yes,Yes,Yes,No,No,Yes,Yes
240,Yes,Yes,No,Yes,Yes,No,No,No,No,No
241,Yes,Yes,Yes,Yes,Yes,No,No,No,No,Yes
242,Yes,Yes,No,Yes,Yes,No,Yes,No,No,No
243,Yes,Yes,No,Yes,No,No,No,No,No,No
244,Yes,Yes,No,Yes,Yes,No,Yes,No,No,No
245,Yes,Yes,No,Yes,Yes,No,Yes,No,No,Yes
246,Yes,Yes,No,Yes,Yes,No,No,No,No,Yes
247,Yes,Yes,No,No,Yes,No,Yes,No,No,No
248,Yes,Yes,No,Yes,Yes,No,No,No,No,Yes
249,Yes,Yes,No,No,No,No,No,No,No,No
250,Yes,Yes,No,Yes,Yes,No,Yes,No,Yes,Yes
251,Yes,Yes,No,No,No,No,No,No,No,No
252,Yes,Yes,No,Yes,Yes,Yes,Yes,No,No,No
253,Yes,Yes,Yes,Yes,Yes,Yes,Yes,No,Yes,Yes
254,Yes,Yes,No,Yes,Yes,No,No,No,Yes,No
255,Yes,Yes,Yes,Yes,Yes,No,Yes,Yes,No,Yes
256,Yes,Yes,No,Yes,Yes,No,No,No,No,Yes
257,Yes,Yes,No,Yes,Yes,No,Yes,No,No,Yes
258,Yes,Yes,No,Yes,Yes,No,Yes,No,No,Yes
259,Yes,Yes,No,Yes,Yes,Yes,No,No,No,No
260,Yes,Yes,No,Yes,No,No,Yes,No,No,No
261,Yes,Yes,No,No,Yes,No,No,No,No,Yes
262,Yes,Yes,No,Yes,Yes,Yes,Yes,No,No,Yes
263,Yes,Yes,No,Yes,Yes,No,No,No,No,No
264,Yes,Yes,Yes,Yes,Yes,Yes,Yes,Yes,Yes,No
265,Yes,Yes,No,Yes,Yes,No,No,No,No,Yes
266,Yes,Yes,No,Yes,Yes,No,Yes,No,No,No
267,Yes,Yes,Yes,Yes,Yes,No,No,No,No,No
268,Yes,No,No,No,Yes,No,No,No,No,No
269,Yes,Yes,No,Yes,Yes,Yes,No,No,Yes,Yes
270,Yes,Yes,Yes,No,Yes,No,Yes,No,Yes,No
271,Yes,Yes,Yes,Yes,Yes,Yes,Yes,Yes,Yes,Yes
272,Yes,Yes,No,Yes,Yes,Yes,Yes,No,Yes,Yes
273,Yes,Yes,Yes,Yes,Yes,Yes,Yes,Yes,Yes,Yes
274,Yes,No,No,No,No,No,Yes,Yes,No,No
275,Yes,Yes,Yes,Yes,Yes,No,Yes,Yes,No,No
276,Yes,Yes,No,Yes,Yes,Yes,Yes,No,Yes,Yes
277,Yes,Yes,No,Yes,Yes,No,Yes,No,No,Yes
278,Yes,Yes,No,Yes,Yes,No,Yes,No,No,No
279,Yes,Yes,No,Yes,Yes,No,Yes,No,No,No
280,Yes,No,No,No,No,No,Yes,No,No,No
281,Yes,Yes,No,Yes,Yes,Yes,Yes,No,Yes,No
282,Yes,Yes,No,Yes,Yes,No,Yes,No,Yes,No
283,Yes,Yes,No,Yes,Yes,No,No,No,No,Yes
284,Yes,Yes,Yes,Yes,Yes,Yes,Yes,No,No,Yes
285,Yes,Yes,Yes,Yes,Yes,No,No,No,No,No
286,Yes,Yes,No,Yes,Yes,No,No,No,No,Yes
287,Yes,Yes,Yes,Yes,Yes,No,Yes,No,No,No
288,Yes,Yes,No,Yes,Yes,No,No,No,Yes,Yes
289,Yes,Yes,Yes,Yes,Yes,No,Yes,No,Yes,Yes
290,Yes,Yes,No,Yes,Yes,No,Yes,No,Yes,No
291,Yes,Yes,No,No,Yes,No,No,No,No,No
292,Yes,Yes,No,Yes,Yes,No,Yes,No,No,Yes
293,Yes,Yes,No,Yes,Yes,Yes,Yes,Yes,Yes,Yes
294,Yes,Yes,No,Yes,Yes,Yes,No,No,No,Yes
295,Yes,Yes,No,Yes,Yes,No,No,No,No,No
296,Yes,Yes,Yes,Yes,Yes,No,No,No,Yes,Yes
297,Yes,Yes,No,No,No,No,Yes,No,No,No
298,Yes,Yes,Yes,Yes,Yes,No,No,No,No,No
299,Yes,Yes,Yes,Yes,Yes,No,No,Yes,No,No
300,Yes,Yes,No,No,No,No,No,No,No,No
301,Yes,Yes,No,Yes,Yes,No,No,No,Yes,Yes
302,Yes,Yes,No,Yes,Yes,No,No,No,No,Yes
303,Yes,No,No,No,Yes,No,Yes,Yes,No,No
304,Yes,Yes,No,No,No,Yes,No,No,No,No
305,Yes,Yes,No,Yes,Yes,No,No,No,No,No
306,Yes,Yes,Yes,Yes,Yes,Yes,Yes,Yes,No,Yes
307,Yes,Yes,No,Yes,Yes,No,No,No,No,No
308,Yes,Yes,No,No,Yes,No,No,No,No,No
309,Yes,Yes,No,Yes,Yes,No,Yes,No,Yes,Yes
310,Yes,No,No,Yes,Yes,No,No,No,No,No
311,Yes,No,No,No,Yes,No,Yes,No,Yes,No
312,Yes,Yes,Yes,Yes,Yes,No,Yes,Yes,Yes,Yes
313,Yes,Yes,No,Yes,Yes,Yes,No,No,Yes,Yes
314,Yes,Yes,No,Yes,No,No,No,No,No,No
315,Yes,Yes,Yes,Yes,Yes,Yes,No,No,No,Yes
316,Yes,Yes,No,No,No,No,No,No,No,No
317,Yes,Yes,Yes,Yes,Yes,No,Yes,Yes,Yes,Yes
318,Yes,Yes,No,Yes,Yes,No,No,No,No,Yes
319,Yes,Yes,No,Yes,Yes,Yes,No,No,Yes,Yes
320,Yes,Yes,No,Yes,Yes,No,Yes,No,No,Yes
321,Yes,Yes,Yes,Yes,Yes,Yes,No,No,No,Yes
322,Yes,Yes,No,Yes,Yes,No,Yes,No,Yes,Yes
323,Yes,Yes,Yes,Yes,Yes,No,Yes,Yes,Yes,No
324,Yes,Yes,Yes,Yes,Yes,No,Yes,No,No,Yes
325,Yes,Yes,Yes,Yes,Yes,No,Yes,Yes,No,Yes
327,Yes,Yes,No,Yes,Yes,Yes,Yes,No,No,Yes
328,Yes,Yes,No,Yes,Yes,No,Yes,No,Yes,No
329,Yes,Yes,No,Yes,No,Yes,No,No,Yes,Yes
330,Yes,Yes,Yes,Yes,Yes,Yes,Yes,Yes,Yes,Yes
331,Yes,Yes,Yes,Yes,Yes,Yes,Yes,Yes,Yes,Yes
332,Yes,Yes,Yes,Yes,Yes,No,Yes,Yes,No,Yes
333,Yes,Yes,Yes,Yes,Yes,No,No,Yes,Yes,No
334,Yes,Yes,No,Yes,Yes,Yes,No,No,Yes,No
335,Yes,Yes,No,Yes,Yes,No,Yes,No,No,No
336,Yes,Yes,Yes,Yes,Yes,No,No,No,No,Yes
337,Yes,Yes,Yes,Yes,Yes,No,Yes,Yes,Yes,Yes
338,Yes,Yes,No,Yes,Yes,No,No,No,No,No
339,Yes,Yes,No,Yes,Yes,No,Yes,Yes,No,Yes
340,Yes,Yes,Yes,Yes,No,No,No,Yes,No,Yes
341,Yes,No,No,No,No,No,Yes,No,No,No
342,Yes,Yes,No,Yes,Yes,No,No,No,No,No
343,Yes,Yes,No,Yes,No,No,No,No,No,No
344,Yes,Yes,No,Yes,Yes,Yes,Yes,No,No,Yes
345,Yes,Yes,No,Yes,Yes,Yes,Yes,Yes,Yes,Yes
346,Yes,Yes,No,Yes,Yes,No,Yes,No,No,Yes
347,Yes,Yes,No,No,Yes,No,No,No,No,No
348,Yes,Yes,Yes,Yes,Yes,Yes,Yes,Yes,Yes,Yes
349,Yes,Yes,Yes,Yes,Yes,No,Yes,Yes,No,Yes
350,Yes,Yes,No,No,Yes,No,No,No,No,No
351,Yes,Yes,No,Yes,Yes,No,Yes,No,No,Yes
352,Yes,Yes,No,No,Yes,No,No,No,No,No
353,Yes,Yes,No,Yes,Yes,No,Yes,Yes,No,No
354,Yes,Yes,Yes,Yes,Yes,No,No,Yes,Yes,No
355,Yes,Yes,No,Yes,Yes,Yes,Yes,Yes,No,Yes
356,Yes,Yes,No,Yes,Yes,No,Yes,No,No,No
357,Yes,No,No,No,No,No,Yes,Yes,No,No
358,Yes,Yes,Yes,Yes,Yes,No,Yes,No,Yes,Yes
359,Yes,No,No,Yes,No,No,No,No,No,No
360,Yes,Yes,No,Yes,Yes,No,Yes,No,No,Yes
361,Yes,Yes,No,Yes,Yes,Yes,No,No,No,No
362,Yes,Yes,No,Yes,Yes,No,No,No,Yes,No
363,Yes,Yes,Yes,Yes,Yes,No,No,No,Yes,Yes
364,Yes,Yes,No,Yes,Yes,No,Yes,No,No,Yes
365,Yes,Yes,No,Yes,Yes,No,Yes,No,No,Yes
366,Yes,Yes,Yes,Yes,Yes,Yes,Yes,Yes,Yes,Yes
367,Yes,Yes,No,Yes,Yes,No,No,No,No,No
368,Yes,Yes,No,Yes,Yes,No,Yes,No,No,Yes
370,Yes,Yes,No,Yes,No,Yes,Yes,No,Yes,Yes
371,Yes,Yes,Yes,Yes,Yes,No,Yes,Yes,Yes,Yes
372,Yes,Yes,No,Yes,Yes,No,No,No,No,Yes
373,Yes,No,No,No,No,No,No,No,No,No
374,Yes,Yes,Yes,Yes,Yes,No,No,Yes,Yes,No
375,Yes,Yes,Yes,Yes,Yes,No,No,No,No,Yes
376,Yes,Yes,Yes,Yes,Yes,Yes,Yes,No,Yes,Yes
377,Yes,Yes,Yes,Yes,Yes,Yes,Yes,No,Yes,Yes
378,Yes,Yes,No,Yes,Yes,No,No,No,No,No
379,Yes,Yes,Yes,Yes,Yes,No,Yes,Yes,No,Yes
380,Yes,Yes,No,Yes,Yes,No,No,No,No,Yes
381,Yes,Yes,No,Yes,Yes,Yes,No,No,Yes,Yes
382,Yes,No,No,No,Yes,No,Yes,Yes,Yes,No
383,Yes,Yes,No,No,Yes,No,No,No,No,No
384,Yes,Yes,Yes,Yes,Yes,Yes,Yes,Yes,Yes,Yes
385,Yes,Yes,No,Yes,Yes,No,No,No,No,Yes
386,Yes,Yes,No,No,Yes,No,Yes,No,No,No
387,Yes,Yes,No,Yes,Yes,Yes,Yes,No,Yes,Yes
388,Yes,Yes,No,Yes,Yes,No,Yes,Yes,Yes,Yes
389,Yes,No,No,Yes,Yes,Yes,No,No,No,No
390,Yes,Yes,No,Yes,Yes,Yes,Yes,Yes,Yes,Yes
391,Yes,Yes,No,Yes,Yes,No,Yes,No,No,Yes
392,Yes,Yes,Yes,Yes,Yes,No,Yes,No,Yes,No
393,Yes,Yes,Yes,Yes,Yes,No,Yes,Yes,No,Yes
394,Yes,Yes,No,Yes,Yes,No,Yes,No,No,Yes
395,Yes,Yes,Yes,Yes,Yes,Yes,Yes,No,Yes,Yes
396,Yes,Yes,No,Yes,Yes,No,No,No,Yes,No
397,Yes,Yes,No,Yes,Yes,No,No,No,Yes,Yes
398,Yes,Yes,No,No,No,No,No,No,No,No
399,Yes,Yes,Yes,Yes,Yes,No,No,No,Yes,Yes
400,Yes,Yes,No,Yes,Yes,No,No,No,No,Yes
401,Yes,Yes,Yes,Yes,Yes,No,No,No,No,No
402,Yes,Yes,No,No,Yes,No,No,No,No,No
403,Yes,Yes,No,Yes,Yes,Yes,No,Yes,Yes,No
404,Yes,Yes,No,No,No,No,No,No,No,No
405,Yes,Yes,No,No,No,No,No,No,No,No
406,Yes,Yes,No,No,Yes,No,Yes,No,Yes,No
407,Yes,Yes,No,No,No,No,No,Yes,No,No
408,Yes,Yes,No,Yes,No,No,No,No,No,Yes
409,Yes,Yes,No,Yes,No,Yes,No,No,No,No
410,Yes,Yes,Yes,Yes,Yes,No,No,Yes,No,No
411,Yes,Yes,No,Yes,Yes,No,No,Yes,Yes,No
412,Yes,Yes,No,Yes,Yes,No,Yes,Yes,No,No
413,Yes,Yes,No,Yes,Yes,No,No,No,No,Yes
414,Yes,Yes,No,Yes,Yes,No,Yes,No,No,No
415,Yes,Yes,No,No,No,No,No,No,No,No
416,Yes,Yes,Yes,Yes,Yes,Yes,Yes,No,No,Yes
417,Yes,Yes,No,Yes,Yes,No,Yes,No,No,No
418,Yes,Yes,No,Yes,Yes,Yes,No,Yes,Yes,No
419,Yes,Yes,No,Yes,Yes,No,Yes,No,No,No
420,Yes,Yes,No,Yes,Yes,No,Yes,No,No,No
421,Yes,Yes,No,Yes,Yes,No,Yes,No,No,No
422,Yes,Yes,Yes,Yes,Yes,No,Yes,Yes,Yes,No
423,Yes,Yes,No,Yes,Yes,No,No,Yes,No,No
424,Yes,Yes,Yes,Yes,Yes,Yes,Yes,No,No,Yes
425,Yes,Yes,No,Yes,Yes,No,Yes,Yes,Yes,Yes
426,Yes,Yes,No,Yes,Yes,No,No,No,Yes,No
427,Yes,Yes,No,Yes,Yes,No,No,No,No,Yes
428,Yes,Yes,No,Yes,Yes,No,No,No,Yes,No
429,Yes,Yes,No,Yes,Yes,No,No,No,No,No
430,Yes,Yes,Yes,Yes,Yes,Yes,Yes,No,No,Yes
431,Yes,Yes,No,Yes,Yes,No,Yes,Yes,Yes,Yes
432,Yes,Yes,No,Yes,Yes,No,Yes,Yes,Yes,Yes
433,Yes,Yes,No,Yes,Yes,No,Yes,No,No,No
434,Yes,Yes,Yes,Yes,Yes,No,Yes,Yes,No,Yes
435,Yes,No,No,No,Yes,No,No,No,No,No
436,Yes,Yes,No,Yes,No,No,No,No,No,No
437,Yes,Yes,No,Yes,No,No,No,No,No,Yes
438,Yes,Yes,No,Yes,Yes,Yes,No,Yes,No,No
439,Yes,Yes,No,Yes,Yes,No,No,No,No,No
440,Yes,Yes,No,Yes,Yes,Yes,Yes,Yes,No,Yes
441,Yes,Yes,No,Yes,Yes,No,Yes,No,No,No
442,Yes,No,No,No,Yes,No,No,No,No,No
443,Yes,Yes,No,No,Yes,No,Yes,Yes,No,No
444,Yes,Yes,Yes,Yes,Yes,No,No,No,Yes,No
445,Yes,Yes,No,Yes,Yes,No,No,No,No,No
446,Yes,Yes,No,Yes,Yes,No,Yes,Yes,Yes,No
447,Yes,Yes,No,Yes,Yes,Yes,No,No,Yes,Yes
448,Yes,Yes,No,Yes,Yes,No,No,No,No,Yes
449,Yes,Yes,No,Yes,Yes,No,Yes,No,No,Yes
450,Yes,Yes,Yes,Yes,Yes,No,No,No,Yes,No
451,Yes,Yes,No,Yes,No,No,Yes,No,No,No
452,Yes,Yes,No,Yes,Yes,No,Yes,Yes,No,No
453,Yes,Yes,No,Yes,Yes,Yes,Yes,Yes,Yes,Yes
454,Yes,Yes,No,No,Yes,No,No,No,No,No
455,Yes,Yes,No,No,Yes,No,No,No,Yes,No
456,Yes,Yes,No,Yes,Yes,No,No,No,No,No
457,Yes,Yes,Yes,No,Yes,No,No,No,Yes,No
458,Yes,Yes,Yes,Yes,Yes,No,No,No,No,No
459,Yes,Yes,No,No,No,No,No,No,No,No
460,Yes,Yes,No,No,Yes,No,Yes,No,No,No
461,Yes,Yes,No,Yes,No,No,No,No,No,No
462,Yes,No,Yes,Yes,Yes,No,No,No,No,No
463,Yes,Yes,No,Yes,Yes,No,No,No,Yes,No
464,Yes,No,No,Yes,Yes,No,Yes,No,No,No
465,Yes,No,No,Yes,No,No,Yes,No,No,No
466,Yes,No,Yes,Yes,Yes,No,Yes,No,Yes,No
467,Yes,Yes,No,Yes,Yes,No,Yes,No,No,No
468,Yes,No,No,No,No,No,Yes,Yes,No,No
469,Yes,No,No,No,No,No,No,No,No,No
470,Yes,No,No,Yes,Yes,No,Yes,Yes,No,No
471,Yes,No,No,Yes,Yes,Yes,Yes,Yes,Yes,Yes
472,Yes,Yes,No,Yes,Yes,No,No,No,No,No
473,Yes,Yes,No,Yes,Yes,No,No,No,No,No
474,Yes,Yes,No,No,Yes,Yes,No,No,No,No
475,Yes,Yes,No,Yes,Yes,No,No,No,No,No
476,Yes,Yes,No,Yes,No,No,No,No,No,No
477,Yes,Yes,No,Yes,Yes,No,No,No,No,No
478,Yes,Yes,No,No,Yes,No,No,No,No,No
479,Yes,Yes,No,No,Yes,No,No,No,No,No
480,Yes,Yes,Yes,Yes,Yes,No,Yes,No,Yes,No
481,Yes,Yes,No,No,Yes,No,No,No,No,No
