ID_no,Using_socmed_on_purpose,Considered_as_distraction,Feeling_restless,Worried,Hard_time_to_concentrate,Feeling_jealous_insecure,Seeking_validation,Depressed,Inconsistent_daily_activities,Sleeping_issues
1,Yes,Neither,No,No,Yes,No,No,Yes,Yes,Yes
2,Yes,Neither,No,Yes,Yes,Yes,No,Yes,Yes,Yes
3,Neither,No,No,Yes,Yes,Neither,No,Yes,No,Yes
4,Yes,No,No,Yes,Neither,Yes,No,Yes,Neither,No
5,Neither,Yes,Yes,Yes,Yes,Neither,Neither,Yes,Yes,No
6,Yes,Yes,No,Yes,Neither,Yes,Neither,Neither,No,Yes
7,Yes,Neither,No,Yes,Neither,Yes,Yes,Yes,Yes,Neither
8,Yes,No,Neither,Neither,No,No,No,Yes,Yes,No
9,Yes,No,Neither,No,No,No,No,Yes,Yes,No
10,No,No,No,No,No,No,No,No,No,No
11,Yes,Yes,No,Neither,Yes,Yes,Neither,Yes,Yes,Yes
12,Yes,Yes,No,Neither,Yes,No,Neither,Neither,Yes,No
13,Neither,Yes,No,Yes,No,Yes,No,Neither,No,Yes
14,Yes,Neither,No,Yes,Yes,No,No,Neither,Neither,Neither
15,Yes,Yes,Yes,Yes,Yes,Yes,Yes,Yes,Yes,Yes
16,Neither,Yes,No,Yes,Yes,Neither,No,Neither,Yes,No
17,No,No,No,Yes,No,No,No,Yes,No,Neither
18,Yes,Yes,Yes,Neither,Neither,No,No,No,No,No
19,Neither,Yes,No,Yes,Yes,No,No,Neither,Neither,No
20,No,Yes,Neither,Yes,No,No,Neither,No,No,No
21,Yes,No,No,Neither,No,No,No,No,Neither,No
22,Neither,No,Yes,Yes,No,Yes,No,Neither,Neither,No
23,Neither,Yes,Neither,Yes,Yes,Yes,Neither,Yes,Yes,Yes
24,Neither,No,No,Yes,Neither,Neither,Neither,Yes,Yes,No
25,Neither,Neither,Yes,Yes,Yes,Yes,Neither,Neither,Yes,Yes
26,Yes,Yes,Neither,Neither,Neither,Yes,Yes,Yes,No,No
27,Yes,Yes,Neither,Neither,Yes,No,Neither,Yes,Neither,Yes
28,No,Yes,Yes,Yes,Yes,Yes,Yes,Yes,Yes,Yes
29,Neither,Yes,Neither,Yes,Yes,Yes,No,Yes,Yes,No
30,Yes,Yes,Yes,Yes,Yes,Yes,Neither,Yes,Yes,No
31,Yes,Yes,Neither,Yes,Yes,Yes,Neither,Yes,Yes,Neither
32,Neither,Yes,Neither,Neither,No,No,No,Neither,Yes,No
33,Neither,Neither,Neither,Neither,Yes,No,Neither,No,Neither,Neither
34,Yes,Neither,Neither,Yes,Neither,Neither,Yes,Neither,Neither,No
35,Yes,Yes,Yes,Yes,Yes,No,No,Yes,Yes,Yes
36,Yes,Neither,Yes,No,Neither,Yes,Yes,Neither,Neither,No
37,No,Neither,No,No,Neither,No,No,Yes,Yes,Yes
38,Yes,Yes,Yes,Yes,Yes,No,Neither,No,No,Yes
39,Yes,Yes,No,Neither,Yes,No,No,No,Neither,Yes
40,No,No,No,No,No,No,No,Neither,Neither,No
41,Neither,Yes,No,Neither,Neither,Neither,No,Yes,No,No
42,No,No,No,Neither,No,No,No,No,Neither,No
43,Neither,No,Yes,Yes,Yes,Yes,No,Yes,Yes,No
44,Yes,No,No,Neither,Neither,No,Neither,Neither,Neither,Neither
45,Yes,Yes,Yes,Yes,No,Neither,Neither,Neither,No,Neither
46,Yes,Neither,No,No,No,Neither,Neither,No,Neither,No
47,Yes,Neither,No,Yes,Neither,Yes,No,Neither,Yes,No
48,Neither,Neither,Neither,No,Neither,No,No,No,No,No
49,Neither,Neither,No,No,No,No,No,No,No,No
50,Yes,Yes,Neither,Neither,No,No,Neither,Neither,Yes,Yes
51,Yes,Yes,Yes,Yes,Yes,No,No,Neither,Yes,No
52,Neither,Yes,Neither,Yes,Yes,Yes,Yes,Yes,Yes,Yes
53,Neither,No,No,No,No,No,No,No,No,No
54,Yes,No,No,No,No,No,No,No,Neither,No
55,No,Yes,Yes,Yes,Yes,Neither,Yes,Yes,No,Neither
56,Neither,No,No,Yes,No,No,No,Neither,Yes,No
57,Neither,No,No,Yes,Neither,Neither,No,Yes,Yes,Yes
58,Yes,Yes,No,Yes,Yes,Neither,Yes,Yes,Yes,No
59,No,No,No,No,No,No,No,No,Neither,Yes
60,Yes,Neither,Neither,Yes,Yes,No,No,Yes,Neither,Yes
61,No,No,No,Yes,Yes,Yes,Yes,Yes,Yes,Yes
62,Yes,Yes,Neither,Yes,Neither,No,No,Yes,Yes,Yes
63,Neither,No,No,No,Yes,No,No,Yes,No,Yes
64,No,Neither,No,Neither,Yes,No,No,No,Yes,Yes
65,Neither,No,Yes,No,No,No,No,No,Yes,Yes
66,Yes,Yes,Yes,Yes,Yes,Yes,Yes,Yes,Yes,No
67,Yes,No,No,Yes,Neither,Neither,No,Yes,Yes,Yes
68,Yes,Yes,Neither,Neither,No,Neither,No,Neither,Yes,Yes
69,No,Yes,Neither,No,No,No,No,No,No,No
70,Yes,Yes,Yes,Yes,Yes,Yes,Yes,Yes,Yes,Yes
71,Yes,Yes,No,Yes,No,Yes,Yes,Yes,Yes,Yes
72,Yes,No,No,No,No,No,No,No,No,No
73,Yes,Yes,Neither,Yes,Yes,Neither,Yes,Yes,Yes,Yes
74,No,No,No,No,No,No,No,No,Neither,Yes
75,Yes,Yes,Neither,Neither,No,No,Yes,Yes,Yes,No
76,Yes,Neither,Yes,Yes,Yes,Yes,No,Yes,Yes,No
77,Yes,Neither,Neither,Yes,Yes,Yes,No,Yes,Yes,Yes
78,No,Yes,Yes,Yes,Yes,Yes,No,Yes,Neither,Yes
79,Yes,Yes,Yes,Yes,Yes,Neither,No,Yes,Yes,Yes
80,Yes,Yes,No,Yes,Yes,Neither,No,No,Yes,Yes
81,Yes,Yes,Neither,Yes,Yes,No,No,Yes,Yes,No
82,Neither,Yes,Yes,Neither,Yes,Yes,Neither,Yes,Yes,Yes
83,Yes,Yes,Neither,Yes,Yes,Neither,Yes,No,Yes,No
84,Neither,Yes,Neither,No,Neither,No,No,No,Yes,Yes
85,Yes,Neither,No,No,Yes,No,No,No,No,No
86,Yes,Yes,No,No,Neither,No,Yes,Neither,No,No
87,Yes,Yes,Yes,Yes,Yes,Yes,Yes,Yes,Yes,Yes
88,Neither,Yes,No,Yes,Yes,No,No,Yes,Yes,Neither
89,Yes,Yes,Yes,Yes,Yes,No,No,Yes,Yes,No
90,Yes,Neither,Neither,Yes,Yes,No,No,Yes,No,No
91,Yes,Yes,Neither,Yes,Yes,Neither,Neither,Yes,Yes,Yes
92,Yes,Yes,No,No,Yes,No,No,Neither,No,Yes
93,Yes,Yes,No,No,Neither,No,No,No,Neither,Yes
94,Yes,No,No,No,No,No,No,Yes,Neither,No
95,Yes,Yes,Yes,Yes,Yes,Yes,Yes,Yes,Yes,Neither
96,Yes,Yes,No,Neither,Yes,Neither,Yes,No,No,Neither
97,Neither,Yes,Neither,Yes,Neither,No,Neither,Neither,No,Neither
98,Yes,Yes,Neither,Yes,No,No,No,Yes,Neither,Yes
99,Neither,Yes,Neither,Yes,Neither,No,Neither,Yes,Neither,Neither
100,Yes,Neither,Yes,Yes,Yes,Neither,Yes,Neither,Yes,Yes
101,No,Neither,Yes,Neither,Neither,Neither,Yes,No,Neither,Neither
102,No,Neither,Yes,Neither,Neither,Neither,Neither,No,Yes,Yes
103,Neither,No,No,No,No,No,Neither,Neither,Yes,Yes
104,No,No,No,Neither,No,No,No,No,No,No
105,Neither,No,No,No,Neither,No,Neither,No,No,Yes
106,Yes,Neither,Neither,No,No,No,Neither,Neither,Neither,Neither
107,Neither,Neither,Yes,Yes,Yes,Yes,Neither,No,Neither,Neither
108,Yes,Yes,Yes,Yes,Neither,Yes,Neither,Yes,No,Neither
109,Yes,Neither,Yes,Neither,Neither,No,No,No,No,Yes
110,No,Yes,Neither,Neither,Neither,Neither,No,No,Neither,Yes
111,No,Yes,Yes,Neither,No,Yes,Yes,Yes,Yes,No
112,Yes,Yes,Yes,Neither,No,Neither,Neither,No,Yes,Yes
113,Yes,Yes,Yes,Yes,Yes,Neither,No,Neither,Neither,Yes
114,Yes,Yes,Yes,Yes,Yes,Neither,Yes,Neither,Neither,Yes
115,Yes,Yes,Yes,Yes,Yes,Yes,Yes,Yes,Yes,Yes
116,Yes,Yes,Neither,Neither,Yes,No,Neither,Yes,Yes,Yes
117,No,Yes,No,No,No,No,No,No,No,No
118,Yes,Neither,No,Yes,No,Yes,No,Neither,Neither,Neither
119,Yes,Yes,Yes,No,Yes,No,No,Yes,Yes,Neither
120,Yes,Yes,Yes,Yes,Yes,Neither,No,Yes,No,No
121,Yes,Yes,Neither,No,Neither,Yes,Yes,No,Yes,No
122,Yes,Yes,Neither,Yes,Neither,No,No,Yes,Yes,Neither
123,No,No,Neither,Yes,Yes,Neither,No,Yes,Yes,Yes
124,Neither,No,Yes,Yes,Neither,Yes,Yes,Yes,No,Yes
125,Yes,No,No,No,No,Yes,No,Yes,Yes,Neither
126,Neither,No,No,Neither,No,No,No,Neither,Neither,No
127,No,No,No,Neither,No,No,Neither,No,No,Yes
128,Yes,No,No,No,No,Yes,Neither,Neither,No,No
129,Neither,Neither,No,Yes,Neither,No,No,Neither,No,Yes
130,Neither,No,Neither,No,No,Neither,No,No,No,No
131,No,No,No,No,No,No,No,No,No,No
132,Yes,Yes,Neither,Yes,Neither,Neither,Neither,Yes,Yes,Yes
133,Neither,Neither,Neither,Neither,No,No,No,No,No,Yes
134,Neither,Neither,No,No,No,No,No,No,No,No
135,Yes,Neither,No,Neither,Yes,Neither,Neither,Neither,Neither,Neither
136,Yes,Neither,Yes,Yes,Yes,Neither,Neither,Yes,Yes,No
137,Neither,No,No,No,No,Neither,No,No,No,No
138,Yes,Yes,No,Yes,Yes,Yes,Neither,Neither,Yes,Yes
139,Yes,No,No,Yes,Neither,Neither,Neither,Yes,Neither,No
140,Neither,No,No,No,No,No,Yes,No,No,No
141,Yes,Neither,Yes,Neither,No,Yes,Neither,Yes,Yes,Yes
142,Yes,Yes,Neither,No,No,Yes,Neither,Neither,Neither,Neither
143,Yes,Yes,Neither,Yes,Yes,Yes,Yes,Yes,Neither,Yes
144,Neither,Yes,Neither,Yes,Yes,No,No,No,Neither,No
145,Neither,Neither,Neither,No,No,Neither,Neither,No,Neither,No
146,Yes,Neither,No,No,No,No,No,No,No,Yes
147,Neither,No,No,No,No,No,Neither,No,No,No
148,Yes,No,Yes,No,No,No,No,No,No,Yes
149,Neither,No,No,No,No,Neither,No,No,No,Neither
150,No,No,No,No,No,No,Neither,Neither,No,No
151,Yes,No,No,Yes,No,No,Neither,Yes,No,Yes
152,No,No,No,Yes,Yes,Neither,No,Neither,Yes,Yes
153,No,No,No,Neither,Yes,No,No,No,Yes,Yes
154,Neither,No,No,Yes,Yes,No,No,No,No,Yes
155,Neither,No,No,No,Neither,No,No,Yes,No,Yes
156,Yes,Yes,Yes,Yes,Yes,No,Yes,Yes,Yes,Yes
157,Yes,No,No,No,No,Yes,No,No,No,Yes
158,Neither,No,No,No,No,Yes,No,No,Yes,No
159,Yes,Yes,Yes,Yes,Yes,Neither,No,Neither,Yes,Yes
160,Neither,No,Neither,Yes,Neither,No,No,Neither,Neither,Yes
161,Neither,No,Neither,Yes,Yes,No,No,Neither,No,Yes
162,No,No,No,No,No,Yes,No,No,No,No
163,Yes,No,No,No,No,No,No,No,No,Yes
164,No,Yes,No,No,No,Neither,Neither,No,No,Yes
165,No,No,No,No,No,No,No,No,No,No
166,No,Neither,No,Neither,Neither,No,No,No,No,No
167,Yes,Yes,Yes,No,Yes,Neither,No,Neither,Neither,Yes
168,Yes,Yes,Yes,Yes,Yes,Yes,No,Neither,Yes,Yes
169,Yes,Yes,No,Yes,Yes,Neither,Yes,Yes,Yes,Yes
170,Yes,Yes,Yes,Yes,No,Yes,Yes,Neither,Neither,No
171,Yes,Neither,Yes,Yes,Yes,Yes,Neither,Yes,Yes,Yes
172,Yes,Neither,Neither,Yes,Neither,No,No,No,No,No
173,Neither,No,No,No,No,No,Yes,No,No,No
174,Yes,Neither,Neither,Neither,Yes,No,Neither,Yes,Neither,Yes
175,Neither,Yes,Yes,Yes,Yes,Neither,No,Neither,Yes,Yes
176,Neither,No,Yes,Yes,No,Neither,Yes,Yes,No,No
177,Yes,Yes,Yes,Yes,No,Yes,No,Yes,Yes,Yes
178,Yes,No,No,No,No,No,Neither,Neither,Neither,Yes
179,Neither,No,No,Yes,No,Neither,No,No,No,Neither
180,Neither,Yes,Yes,Yes,Yes,No,Yes,Yes,Neither,No
181,Yes,Yes,Yes,Yes,Neither,No,Neither,Neither,Yes,Yes
182,Neither,No,Neither,Neither,Neither,Neither,No,No,No,No
183,Yes,Neither,No,Neither,No,No,Neither,Neither,No,No
184,Yes,Yes,No,Neither,No,Neither,No,Neither,Neither,No
185,Yes,Neither,Yes,Yes,Yes,Neither,Neither,Yes,Neither,Yes
186,Yes,Yes,Yes,No,Yes,No,Yes,No,Yes,Yes
187,Neither,No,No,No,No,No,Neither,Yes,No,No
188,Neither,Yes,Neither,Neither,Neither,Neither,Neither,Yes,Neither,No
189,Neither,Neither,No,No,Yes,Neither,No,Yes,Yes,Yes
190,Yes,Neither,Neither,Yes,Neither,No,Yes,Yes,Neither,Yes
191,Yes,Yes,Yes,Yes,Yes,No,Yes,Yes,Yes,Yes
192,Neither,No,No,No,No,No,No,No,Neither,No
193,Yes,Neither,No,No,Neither,No,No,Neither,No,No
194,Neither,Neither,Neither,Neither,No,Neither,Neither,No,No,No
195,No,No,No,No,No,No,No,No,No,No
196,Neither,No,Neither,No,No,No,No,No,No,No
197,Neither,Neither,No,Yes,Yes,Yes,No,No,Neither,No
198,Yes,No,No,Yes,Neither,No,No,Neither,No,Yes
199,Yes,Yes,Neither,Neither,Neither,No,No,Neither,Neither,Yes
200,Yes,Yes,Neither,Yes,Yes,Yes,Yes,Neither,Yes,Neither
201,Yes,Yes,Yes,Yes,Yes,No,No,Yes,Yes,Yes
202,Neither,No,Neither,Neither,No,Neither,Neither,No,No,Yes
203,Yes,Yes,Yes,Yes,Neither,No,No,No,Neither,No
204,Yes,Yes,Yes,No,Yes,Yes,No,Yes,Yes,Yes
205,Neither,No,No,No,No,No,No,No,No,No
206,No,No,No,Yes,Neither,Yes,Neither,Yes,Neither,Yes
207,Neither,Neither,Neither,Yes,Neither,Yes,Yes,Neither,Neither,No
208,Yes,No,No,No,No,No,No,No,No,No
209,Yes,Neither,No,Neither,Yes,Yes,Yes,Yes,Yes,Yes
210,No,No,No,No,No,No,No,No,No,No
211,Neither,Neither,No,Yes,Neither,No,Yes,Yes,Yes,No
212,Yes,No,No,Neither,No,No,No,Neither,No,No
213,No,No,No,No,No,Yes,Neither,No,No,No
214,Yes,Yes,No,Yes,Yes,Yes,Neither,No,Neither,No
215,Neither,Neither,No,Yes,Yes,Yes,Neither,Yes,Yes,Yes
216,Neither,No,Neither,Neither,Yes,Yes,Yes,No,Yes,Neither
217,Yes,Yes,Yes,Yes,Yes,Yes,Neither,Neither,Yes,Yes
218,Yes,Yes,No,No,No,No,No,No,Yes,No
219,Yes,Neither,No,Yes,Neither,Yes,Neither,Neither,Yes,Neither
220,Neither,Neither,Neither,Neither,No,No,Neither,Neither,Neither,Neither
221,Neither,No,Yes,Neither,Yes,Neither,Neither,Yes,Yes,Neither
222,No,Yes,Neither,Neither,Yes,Yes,Neither,No,Yes,Neither
223,Yes,Yes,Yes,Yes,Yes,Yes,Yes,Yes,Yes,Neither
224,Yes,Yes,Neither,Neither,Yes,No,No,No,No,Yes
225,No,No,No,No,No,No,No,No,Neither,Yes
226,Yes,Yes,Neither,Yes,Yes,Neither,Yes,Yes,Yes,Yes
227,No,Neither,No,Yes,Neither,Yes,Neither,Yes,No,No
228,Neither,No,No,No,No,Yes,No,No,Neither,No
229,Yes,Yes,No,No,Neither,Yes,Neither,Yes,No,Yes
230,No,No,No,No,No,No,No,No,No,No
231,Yes,Yes,Neither,Yes,Yes,Yes,No,Yes,Yes,Neither
232,Yes,Yes,Yes,Yes,Neither,Yes,Yes,Yes,Yes,No
233,No,No,No,Neither,No,Neither,No,No,No,No
234,Yes,Yes,Neither,Yes,No,Neither,No,Yes,Neither,Yes
235,Neither,Yes,No,Yes,No,Yes,Yes,Yes,Yes,Yes
236,Yes,No,No,Yes,Neither,Yes,Yes,Yes,Yes,No
237,Neither,Yes,No,Yes,Yes,Yes,Yes,No,Neither,Yes
238,Neither,No,No,Yes,Neither,Neither,No,Neither,No,Yes
239,Yes,Neither,No,Yes,Yes,No,Neither,Neither,Yes,Yes
240,Neither,Yes,No,No,No,No,No,Neither,No,Neither
241,Yes,Yes,Neither,Yes,Yes,Yes,Neither,Yes,Yes,No
242,Yes,Neither,No,Yes,Neither,Yes,No,Yes,No,No
243,Yes,No,No,Yes,No,No,No,No,No,Neither
244,No,Yes,No,No,Yes,No,Yes,No,No,No
245,Yes,Yes,Neither,Yes,Neither,Neither,Neither,Yes,Yes,Yes
246,No,No,No,No,No,No,No,No,No,No
247,Yes,Yes,Neither,Yes,Yes,Neither,Neither,Yes,Yes,Yes
248,Yes,Yes,No,No,Yes,No,Yes,Yes,No,Yes
249,Yes,Yes,No,Neither,No,No,No,No,Neither,Neither
250,Yes,No,No,Yes,No,No,No,No,Yes,No
251,Yes,Yes,Neither,Yes,Yes,Yes,Neither,Neither,Yes,Yes
252,No,Yes,Yes,Yes,Yes,Yes,Yes,Yes,Yes,Yes
253,Yes,No,No,No,No,No,No,No,No,Neither
254,Neither,Neither,No,Neither,Yes,Neither,Yes,Yes,Neither,No
255,No,Neither,Yes,Neither,Yes,No,No,Neither,No,Yes
256,Yes,No,No,No,No,No,No,No,Neither,Neither
257,Neither,Neither,No,Yes,Yes,Neither,Neither,Yes,Yes,Yes
258,No,No,No,No,Neither,Yes,Neither,Neither,No,No
259,Yes,Yes,Neither,No,Yes,Yes,Yes,Neither,Yes,Neither
260,Yes,No,Yes,Yes,Yes,Yes,No,No,Neither,No
261,Neither,Neither,Neither,Yes,Neither,Yes,Neither,Neither,Neither,No
262,Yes,Yes,No,Neither,No,No,No,No,No,Yes
263,Neither,Neither,No,Yes,Yes,No,No,Yes,No,Yes
264,Yes,Yes,Neither,Yes,Yes,No,No,Neither,Yes,Yes
265,Neither,No,No,Neither,No,No,No,Neither,Neither,No
266,Neither,No,No,No,Neither,No,No,No,No,Yes
267,Yes,Yes,Yes,Yes,Yes,Yes,Yes,Yes,Yes,Yes
268,Yes,Yes,Neither,Yes,Neither,No,Yes,Neither,Neither,Yes
269,No,No,No,Yes,Yes,No,No,Yes,No,Yes
270,Yes,Yes,Yes,Yes,Yes,Yes,Neither,Neither,Yes,Neither
271,Yes,Yes,No,Yes,Yes,Yes,Neither,Yes,Yes,Yes
272,Yes,Yes,Neither,Yes,Yes,Yes,Yes,Yes,Yes,Yes
273,Yes,Yes,Yes,Yes,Yes,Yes,No,Yes,Yes,Yes
274,Yes,Yes,No,Yes,Neither,No,Yes,Yes,No,No
275,Neither,Yes,Neither,Neither,Neither,Yes,Yes,Yes,Neither,Yes
276,Yes,Neither,Neither,Yes,Yes,Yes,Yes,Neither,Yes,Yes
277,No,Yes,No,Yes,Yes,Yes,Yes,Yes,Neither,Neither
278,No,No,No,No,No,No,No,No,No,No
279,Yes,Yes,Neither,Yes,Neither,Yes,No,Yes,Yes,Yes
280,Yes,Yes,Neither,Yes,Yes,Neither,Neither,Yes,Yes,Yes
281,Yes,Yes,No,Yes,Yes,Neither,No,Neither,Yes,Yes
282,Yes,Neither,No,No,Neither,No,Neither,No,Neither,No
283,Neither,Yes,Yes,Yes,Yes,Yes,Yes,Yes,Yes,Yes
284,Neither,Neither,No,Yes,No,No,Yes,Yes,No,No
285,No,No,No,Yes,No,No,Neither,Neither,No,Yes
286,Neither,Yes,No,No,Neither,Neither,Neither,Neither,Yes,Yes
287,Neither,No,No,Yes,Neither,Neither,No,Yes,No,Neither
288,Yes,Yes,Neither,Yes,Yes,No,Neither,Yes,Yes,Yes
289,Yes,Yes,Yes,Yes,Yes,Yes,Yes,Yes,Yes,Yes
290,Neither,Neither,No,No,No,No,Yes,No,No,No
291,No,No,Neither,Yes,Yes,Neither,No,No,No,No
292,No,No,Yes,Yes,No,Yes,No,Yes,No,No
293,Yes,No,Neither,Yes,Yes,Yes,Neither,Yes,Neither,Yes
294,Neither,Yes,No,Yes,Yes,No,No,Neither,Neither,No
295,No,Neither,No,Neither,Neither,Yes,Neither,Yes,Neither,Neither
296,Neither,Yes,Yes,Yes,Neither,Neither,Neither,Yes,No,Yes
297,Yes,No,No,Yes,Yes,No,No,Yes,Yes,Yes
298,Yes,Yes,Neither,No,Yes,No,Yes,Yes,Yes,No
299,Yes,Yes,Yes,Neither,Yes,Yes,No,Yes,Yes,Yes
300,No,Yes,No,Yes,Neither,Yes,No,Neither,Neither,No
301,Yes,Yes,Yes,Yes,Yes,Neither,Neither,Neither,Yes,No
302,Yes,Yes,Yes,Yes,Neither,Yes,No,Yes,Yes,Neither
303,Yes,Neither,No,No,No,No,Yes,No,Yes,No
304,Neither,No,No,Yes,No,No,Neither,No,Neither,Yes
305,Neither,Neither,No,Yes,No,No,No,No,Neither,No
306,Yes,Neither,No,Yes,Neither,Neither,No,Yes,Yes,Yes
307,Yes,Neither,No,Yes,Yes,No,No,Neither,Yes,Yes
308,No,Yes,Yes,Neither,Yes,No,Neither,No,Yes,No
309,No,Neither,No,Yes,Yes,Neither,No,Yes,Yes,Yes
310,Yes,No,Yes,Yes,Yes,Neither,No,Yes,Yes,Yes
311,Yes,Neither,Neither,Yes,Yes,Yes,Neither,Neither,Neither,Yes
312,No,No,No,Yes,No,No,No,Neither,No,Neither
313,Yes,Yes,Yes,Neither,Yes,Neither,No,Yes,Yes,Yes
314,Yes,Yes,Yes,Yes,Yes,Yes,Yes,Yes,Yes,Yes
315,Yes,Yes,Yes,Yes,Yes,Yes,Yes,Yes,Yes,Yes
316,Neither,Yes,Yes,Yes,Yes,Yes,Neither,Yes,Yes,Yes
317,Neither,Neither,No,Yes,Yes,Yes,Neither,Yes,No,Yes
318,Yes,Yes,No,Yes,Neither,No,Neither,Neither,Neither,Yes
319,Neither,No,No,Yes,No,No,Yes,No,No,Yes
320,Yes,Yes,No,Yes,Yes,No,No,Yes,No,Yes
321,Yes,Yes,Yes,Yes,Yes,Yes,Neither,Yes,Neither,Yes
322,Yes,Yes,Yes,Yes,Yes,No,Yes,Yes,Yes,Yes
323,Yes,Yes,No,No,No,No,No,Yes,Neither,No
324,Yes,Yes,Neither,Yes,Yes,Neither,No,Yes,Yes,Yes
325,Yes,No,No,Neither,No,No,No,No,Neither,Yes
326,Yes,Neither,No,Neither,Neither,Yes,No,Yes,No,No
327,Yes,Yes,No,No,No,No,No,Neither,No,Neither
328,Yes,Yes,Yes,Yes,No,No,Neither,Yes,No,Yes
329,Neither,Neither,Neither,Neither,Neither,Neither,Neither,Neither,Neither,Neither
330,Yes,No,Yes,Yes,Yes,No,No,Yes,Yes,No
331,Yes,Yes,No,Neither,No,No,No,No,No,No
332,Yes,Yes,No,Yes,Yes,Yes,Yes,Yes,Yes,Yes
333,Yes,Neither,No,Yes,Neither,No,No,Neither,No,Neither
334,Neither,Neither,No,Yes,Neither,No,Yes,Yes,Neither,No
335,Yes,Neither,Yes,Yes,Yes,No,No,Neither,Yes,No
336,Neither,Yes,Neither,Yes,Yes,Yes,Yes,Neither,Yes,Neither
337,Yes,Neither,No,Yes,Neither,No,No,Yes,Yes,Yes
338,Yes,Yes,Neither,Yes,No,Yes,No,No,Yes,Yes
339,Neither,Yes,Yes,Yes,Yes,No,No,Yes,Yes,Yes
340,Yes,Yes,Neither,Yes,Yes,No,No,Yes,Yes,No
341,No,No,No,No,No,No,Neither,No,No,No
342,Yes,Yes,Neither,Yes,Yes,Yes,No,Yes,No,No
343,Yes,Yes,Neither,Yes,Yes,No,No,Neither,No,No
344,Yes,Yes,Neither,Yes,Yes,No,No,Yes,Yes,Yes
345,Yes,Neither,No,Yes,Yes,No,No,Yes,Neither,Yes
346,No,No,No,Neither,No,No,No,Neither,Neither,Yes
347,Yes,Yes,No,Yes,Yes,Yes,Neither,Neither,Yes,Yes
348,No,No,No,Yes,Yes,Yes,No,Yes,No,Yes
349,Neither,Neither,No,Neither,No,No,Neither,No,No,No
350,No,Neither,No,Yes,Yes,No,Yes,Neither,No,Yes
351,Yes,Yes,Yes,Yes,Yes,Neither,No,Yes,Yes,No
352,Neither,No,No,No,No,No,No,Neither,No,Neither
353,Yes,Yes,Yes,Yes,Yes,No,No,Neither,Yes,No
354,Yes,Yes,No,Yes,Neither,Yes,No,Yes,Neither,Yes
355,Neither,Neither,Yes,Neither,Neither,Yes,Neither,Neither,Neither,No
356,Yes,Yes,No,Neither,Neither,No,No,No,No,Yes
357,Yes,Yes,Neither,Neither,Neither,Yes,Yes,Yes,Neither,Yes
358,Yes,No,No,No,No,No,No,No,No,No
359,Neither,No,No,No,Neither,No,No,No,No,No
360,Yes,Yes,No,Yes,Yes,Yes,Yes,Yes,No,Yes
361,Yes,Yes,Yes,Neither,Yes,Yes,No,Yes,Yes,Yes
362,Yes,Yes,Yes,Yes,Yes,Yes,Yes,Yes,Yes,Yes
363,Neither,Neither,Neither,Yes,Yes,Yes,Neither,Yes,Neither,Yes
364,Yes,No,No,Yes,No,No,Neither,No,No,Yes
365,Yes,Yes,No,Yes,Yes,Yes,Yes,Yes,Yes,Yes
366,Neither,No,No,No,No,No,No,Neither,Yes,Neither
367,Yes,Yes,No,Yes,Yes,No,No,Neither,Neither,Yes
368,Yes,Yes,Neither,Yes,No,Yes,Neither,No,No,No
369,Neither,No,No,Yes,Neither,Yes,Neither,Yes,Yes,Yes
370,Neither,No,No,Yes,Neither,No,No,Yes,No,Yes
371,Yes,Yes,Neither,Yes,Yes,Yes,Yes,Yes,Yes,Yes
372,Neither,Yes,No,Yes,Yes,Yes,Yes,Yes,No,No
373,Yes,Neither,Neither,No,No,Neither,No,No,Neither,No
374,Yes,Yes,Neither,Yes,Yes,Yes,Neither,Yes,Yes,Yes
375,Yes,Neither,No,Yes,Yes,Yes,Yes,Yes,Yes,No
376,Yes,No,No,Yes,Neither,Yes,Neither,Yes,Yes,Yes
377,Neither,Yes,No,Neither,No,Neither,Yes,Yes,Neither,Neither
378,Yes,Yes,Neither,Yes,Yes,Yes,No,Neither,Yes,Neither
379,Yes,Yes,No,Neither,Yes,Neither,No,No,No,Yes
380,Yes,Yes,No,Yes,Neither,Yes,No,Neither,Neither,Yes
381,Yes,Yes,No,Yes,Yes,Yes,Yes,No,Yes,Yes
382,Neither,Yes,Neither,Yes,Yes,Yes,No,Yes,Yes,No
383,Yes,Yes,Yes,Yes,Yes,No,No,Yes,Yes,Yes
384,Yes,Yes,Yes,No,Neither,No,Yes,Neither,Neither,Yes
385,Neither,Neither,Neither,Yes,Yes,Yes,No,Yes,Neither,Neither
386,Yes,Yes,Yes,Yes,Yes,No,No,Yes,Yes,Yes
387,Yes,Yes,Yes,Yes,Yes,Yes,Yes,Yes,Yes,No
388,Yes,Yes,No,Neither,No,No,Neither,No,No,No
389,Yes,No,No,Neither,No,No,Yes,No,No,No
390,Yes,Yes,Yes,Yes,Yes,No,Neither,Yes,Yes,Neither
391,Yes,Yes,Neither,Yes,Yes,Yes,Yes,Yes,Yes,Yes
392,No,No,Yes,No,No,Neither,No,No,Yes,Yes
393,Neither,Yes,No,Yes,Yes,Neither,Yes,Yes,Yes,Yes
394,Yes,No,Neither,Yes,Neither,No,No,Yes,Yes,Neither
395,No,No,Neither,Neither,No,Neither,No,Neither,No,Yes
396,Yes,Yes,Neither,Yes,Yes,Neither,No,Neither,Yes,Yes
397,No,No,No,No,No,No,No,No,No,No
398,No,No,No,No,No,No,No,No,No,No
399,Yes,Yes,No,Yes,Neither,Yes,No,Yes,Yes,Yes
400,Yes,Yes,Yes,Yes,Yes,Yes,No,Yes,Yes,Yes
401,Neither,Yes,No,Neither,Yes,Yes,Yes,Yes,Neither,Neither
402,Yes,Yes,Yes,Yes,Yes,No,No,Yes,Yes,No
403,Yes,No,Yes,Yes,No,Neither,Yes,Yes,No,Yes
404,Yes,Yes,Neither,Yes,Yes,Yes,No,Neither,Neither,No
405,Neither,Yes,Yes,Neither,Neither,No,No,Neither,Neither,Neither
406,Yes,Neither,Neither,Yes,Yes,Yes,No,Yes,Yes,Yes
407,No,Yes,Neither,Yes,Yes,Neither,No,Yes,Yes,Yes
408,Yes,Yes,No,Neither,Yes,Neither,No,Yes,Neither,Yes
409,Yes,Yes,Yes,Yes,Yes,Yes,Neither,Yes,Neither,Yes
410,No,No,No,Neither,No,No,No,No,No,No
411,Yes,Neither,Yes,Yes,Yes,No,No,Neither,Yes,Yes
412,Neither,Yes,No,Yes,Yes,No,No,Yes,Neither,Neither
413,Yes,Yes,Neither,No,Yes,No,Neither,Neither,No,No
414,Yes,Yes,Neither,Yes,Yes,Yes,No,Neither,Neither,Yes
415,No,No,Neither,Neither,Neither,Neither,Neither,No,No,Yes
416,Yes,Neither,Neither,Yes,Yes,Yes,Yes,Yes,Yes,Yes
417,Yes,Yes,Neither,Yes,Yes,Yes,Yes,Yes,Yes,Yes
418,Yes,Neither,No,Yes,No,No,Neither,No,Yes,Neither
419,Yes,No,Neither,Yes,Yes,Yes,No,Yes,Yes,No
420,Yes,Neither,Yes,Neither,Yes,Yes,Neither,Neither,Neither,Neither
421,Yes,Yes,Yes,Yes,Yes,Neither,Yes,Yes,Yes,Neither
422,No,Yes,No,Neither,Neither,No,Neither,Neither,Neither,No
423,Yes,Yes,Yes,Yes,Yes,Yes,Neither,Yes,Yes,Yes
424,Yes,Neither,No,Yes,Yes,Neither,Neither,Yes,Yes,Yes
425,Yes,Yes,No,Yes,Neither,Yes,Yes,Yes,Neither,Yes
426,Neither,Yes,Neither,Yes,Yes,Yes,Yes,Yes,Yes,Yes
427,Yes,Neither,No,Yes,Yes,Yes,Neither,Yes,Yes,Yes
428,Neither,No,No,Yes,No,No,No,Yes,Neither,Yes
429,Neither,No,No,Yes,Neither,Yes,Yes,Neither,Neither,Yes
430,No,Yes,No,Yes,No,No,No,Neither,Neither,Yes
431,Yes,Neither,Neither,Neither,Neither,Yes,Yes,No,No,No
432,Yes,Yes,No,No,Neither,No,No,No,No,Yes
433,Yes,Neither,No,Yes,Neither,Yes,Yes,Yes,Neither,Yes
434,Yes,Yes,Yes,No,Yes,Neither,Yes,No,Neither,Yes
435,Neither,Yes,Yes,Neither,Neither,No,Neither,No,Neither,No
436,Yes,No,No,Neither,No,Neither,No,Neither,No,No
437,Yes,Yes,Neither,Yes,Yes,Neither,Yes,Yes,Yes,Neither
438,Yes,Neither,No,Yes,No,No,Neither,Neither,Yes,Neither
439,No,No,No,Yes,Neither,Neither,No,Neither,No,Yes
440,Neither,Yes,Neither,Yes,Yes,Yes,Neither,Yes,Yes,Yes
441,Yes,Neither,Yes,Yes,Yes,Yes,Yes,Yes,Yes,Neither
442,Yes,Yes,Yes,Yes,Yes,Yes,Yes,Yes,Yes,Yes
443,Neither,Yes,No,Neither,Neither,No,No,No,Yes,Yes
444,No,No,No,Yes,Yes,No,No,No,No,No
445,Yes,Neither,No,Yes,Yes,No,No,Yes,No,Yes
446,No,No,No,Neither,Yes,No,No,Neither,Yes,Neither
447,No,No,No,No,No,Neither,Neither,No,No,No
448,Neither,Yes,Neither,Yes,Neither,Neither,Neither,Neither,No,No
449,No,No,No,No,No,Neither,No,No,No,No
450,No,No,No,No,No,No,No,No,No,No
451,Neither,No,Neither,No,Neither,Yes,Neither,No,No,Yes
452,Neither,Neither,Neither,Neither,No,No,Neither,Yes,No,No
453,Neither,Yes,Neither,Neither,No,Neither,No,No,No,Neither
454,No,No,No,No,No,No,No,No,No,No
455,No,No,No,Yes,Yes,No,No,Neither,Yes,No
456,Yes,Yes,No,Yes,Yes,No,No,Yes,Yes,No
457,Neither,Yes,No,Neither,No,No,No,Neither,Neither,Yes
458,Neither,Yes,No,Neither,No,No,No,No,Neither,No
459,Yes,Yes,Neither,No,Yes,No,No,No,Neither,No
460,No,Yes,No,Yes,Yes,No,No,Neither,No,Neither
461,Neither,Neither,No,No,No,No,No,No,No,Yes
462,No,Neither,No,Yes,Neither,Yes,No,Yes,No,No
463,No,No,No,Neither,Neither,Neither,Neither,No,No,No
464,No,No,No,Yes,Neither,Yes,No,Yes,Yes,Yes
465,Yes,Yes,No,Yes,Neither,No,No,Yes,Neither,Yes
466,Neither,No,No,Neither,No,No,No,No,Yes,Yes
467,Yes,Yes,Neither,Yes,Yes,Yes,Neither,Yes,Neither,Yes
468,No,Yes,Yes,Yes,Yes,Yes,No,Yes,No,No
469,Yes,Yes,Neither,Yes,Yes,Yes,Yes,Yes,Yes,Yes
470,Neither,Yes,Neither,Neither,Yes,Yes,Yes,Neither,Yes,Yes
471,No,No,No,Yes,Yes,Yes,Yes,Yes,Yes,No
472,Neither,Neither,Yes,No,Neither,Neither,Yes,No,No,No
473,No,Neither,No,Neither,No,No,Yes,Yes,Yes,Yes
474,No,Neither,No,No,No,Neither,No,No,No,Neither
